{
    "ARIMA": {
        "MAE": 0.24182587456412322,
        "RMSE": 0.26699389581486516,
        "MAPE": 2.288905016266276
    },
    "SARIMAX_BASIC": {
        "MAE": 11.651687483933058,
        "RMSE": 25.277426384621112,
        "MAPE": 111.25451053883988
    },
    "SARIMAX_OPT": {
        "MAE": 0.37881228833411634,
        "RMSE": 0.6286490920683552,
        "MAPE": 3.6187663736765
    }
}