{
    "ARIMA": {
        "MAE": 0.15066825315444063,
        "RMSE": 0.18782635940904666,
        "MAPE": 1.58400473840981
    },
    "SARIMAX_BASIC": {
        "MAE": 4.7096894851841355,
        "RMSE": 6.042578043995779,
        "MAPE": 48.306378162834676
    },
    "SARIMAX_OPT": {
        "MAE": 0.19597643328803152,
        "RMSE": 0.2752928407483655,
        "MAPE": 2.0566103683591312
    }
}