{
    "ARIMA": {
        "MAE": 0.12191987828766741,
        "RMSE": 0.13460106808399835,
        "MAPE": 1.2111758246535524
    },
    "SARIMAX_BASIC": {
        "MAE": 0.916810493799991,
        "RMSE": 0.9484273400530518,
        "MAPE": 9.130196391458588
    },
    "SARIMAX_OPT": {
        "MAE": 0.5774040831958214,
        "RMSE": 0.603482357672413,
        "MAPE": 5.746857563398032
    }
}