{
    "ARIMA": {
        "MAE": 0.23207942988053745,
        "RMSE": 0.2410371744320384,
        "MAPE": 2.4026021897643286
    },
    "SARIMAX_BASIC": {
        "MAE": 1.613944689299385,
        "RMSE": 1.8595016047372992,
        "MAPE": 16.694153572896344
    },
    "SARIMAX_OPT": {
        "MAE": 0.30843626699374305,
        "RMSE": 0.35873829974162946,
        "MAPE": 3.1925708259992422
    }
}