{
    "ARIMA": {
        "MAE": 0.15141496798315437,
        "RMSE": 0.18897226355316138,
        "MAPE": 1.493426690008911
    },
    "SARIMAX_BASIC": {
        "MAE": 5.292449816112611,
        "RMSE": 8.42698509433942,
        "MAPE": 52.49463152854804
    },
    "SARIMAX_OPT": {
        "MAE": 0.18446508831851496,
        "RMSE": 0.23245763902383992,
        "MAPE": 1.823281876363506
    }
}